{
	"width" : 1280,
	"height" : 720,
	"intrinsic_matrix" : 
	[
		894.497131347656,
		0,
		0,
		0,
		894.497131347656,
		0,
		651.077697753906,
		357.473999023438,
		1
	]
}
