{
	"width" : 1280,
	"height" : 720,
	"intrinsic_matrix" : 
	[
		903.082336425781,
		0,
		0,
		0,
		903.082336425781,
		0,
		648.448181152344,
		365.207183837891,
		1
	]
}
