{
	"width" : 1280,
	"height" : 720,
	"intrinsic_matrix" : 
	[
		892.982971191406,
		0,
		0,
		0,
		892.982971191406,
		0,
		649.640930175781,
		352.05615234375,
		1
	]
}
