{
	"width" : 1280,
	"height" : 720,
	"intrinsic_matrix" : 
	[
		908.16015625,
		0,
		0,
		0,
		908.16015625,
		0,
		650.943420410156,
		351.929077148438,
		1
	]
}
